Model,Samples,annualized_return,annualized_vol,sharpe_ratio,max_drawdown,var_95,cvar_95,sortino_ratio,calmar_ratio
ARIMA-GARCH,227.0,0.19358664887367813,0.18292367477646054,0.9108132401243213,-0.15293912331473064,-0.017221076416668184,-0.028321008293180277,0.9049850483841299,1.9136250299169184
LSTM,227.0,-0.027061214293993257,0.11974010387463656,-0.24091024032227878,-0.10582079590628864,-0.010891947731099826,-0.02050993912087941,-0.2079165191892083,-0.29532268775494525
